store,address,phone,address2,_GC_TYPE,_X,_Y
신사점,서울시 강남구 도산대로 126,02-548-2741,서울특별시 강남구 도산대로 126,정,127.0224109999771,37.51696869995594
강남대로점,서울시 서초구 강남대로 369 1층,02-588-5778,서울특별시 서초구 강남대로 369 1층,정,127.02821666292591,37.49566140223212
차병원점,서울시 강남구 논현로 566 강남차병원1층,02-538-7615,서울특별시 강남구 논현로 566 강남차병원1층,정,127.03482431236546,37.50643991419043
역삼점,"서울시 강남구 논현로 512  지상1,2층",02-569-8051,"서울특별시 강남구 논현로 512 지상1,2층",정,127.03652129441626,37.50234991136999
압구정역점,서울시 강남구 논현로 842 압구정빌딩1층,02-544-6823,서울특별시 강남구 논현로 842 압구정빌딩1층,정,127.0287311871236,37.52403908202882
청담에스점,"서울시 강남구 압구정로 461 네이처포엠빌딩B108,109호",02-548-6052,"서울특별시 강남구 압구정로 461 네이처포엠빌딩B108,109호",정,127.04723282433596,37.52525527988616
양재스포타임점,서울시 서초구 강남대로 213 24호 지하1층,02-578-6833,서울특별시 서초구 강남대로 213 24호 지하1층,정,127.03561212720217,37.48234245613936
도곡점,"서울시 강남구 언주로 30길 10,112 현대비젼21 112호",02-572-2781,"서울특별시 강남구 언주로 30길 10,112 현대비젼21 112호",정,127.05155437160387,37.48733899730933
청담성당점,서울시 강남구 삼성로 716 LEE76빌딩2층,02-542-2053,서울특별시 강남구 삼성로 716 LEE76빌딩2층,정,127.05003205496142,37.519898403230826
영동점,서울 서초구 반포동 736-17 P빌딩 2층,02-3443-2096,서울특별시 서초구 반포동 736-17 P빌딩 2층,정,127.02282511205019,37.50685387021782
서초우성점,서울시 서초구 강남대로 51길 1 511 TOWER  1층,02-582-0158,서울특별시 서초구 강남대로 51길 1 511 TOWER 1층,정,127.0302626981028,37.49128804585086
압구정시티점,"서울시 강남구 도산대로49길 13 1층 17,18호",02-543-5922,"서울특별시 강남구 도산대로49길 13 1층 17,18호",정,127.03696049733863,37.523741736589386
영동고앞점,"서울시 강남구 선릉로 749 1,2층",02-544-3794,"서울특별시 강남구 선릉로 749 1,2층",정,127.03947558884185,37.52145762040619
삼성오크우드점,서울 강남구 영동대로 513 컨벤션별관A동 지하 2층,02-3466-8507,서울특별시 강남구 영동대로 513 컨벤션별관A동 지하 2층,정,127.0591588162209,37.51182421143046
논현팍스타워점,서울시 강남구 논현 231-13호 팍스타워지하1층,02-513-3870,서울특별시 강남구 논현 231-13호 팍스타워지하1층,정,127.0365746601855,37.51004819513807
압구정로데오점,서울시 강남구 선릉로 157길 12 석전빌딩 1~4층,02-3445-5093,서울특별시 강남구 선릉로 157길 12 석전빌딩 1~4층,정,127.03901294020491,37.52611492174356
트레이드타워점,서울시 강남구 영동대로 511 트레이드타워 지하1층,02-6002-6470,서울특별시 강남구 영동대로 511 트레이드타워 지하1층,정,127.06102310221968,37.51035653285146
삼성봉은사거리점,"서울시 강남구 영동대로 607 1,2층",02-3443-5618,"서울특별시 강남구 영동대로 607 1,2층",정,127.05948948090938,37.51455205212794
서초지파이브점,"서울시 서초구 서초동 1685-8호 101~2호,113~4호,121호",02-3477-5580,"서울특별시 서초구 서초동 1685-8호 101~2호,113~4호,121호",정,127.01646563906931,37.49540542973758
잠실신천점,서울시 송파구 석촌호수로 118 1층,02-416-9520,서울특별시 송파구 석촌호수로 118 1층,정,127.0900216820966,37.50743758416456
삼성전자강남사옥점,서울시 서초구 서초대로74길 11 지하2층,02-2055-1142,서울특별시 서초구 서초대로74길 11 지하2층,정,127.0269145455737,37.496633268318895
방배카페골목점,서울특별시 서초구 방배중앙로 187,02-592-7794,서울특별시 서초구 방배중앙로 187,정,126.985531171734,37.49570856093374
논현동수면센터점,서울시 강남구 논현로 717 1층,02-3443-5575,서울특별시 강남구 논현로 717 1층,정,127.02953731651846,37.51596164222452
테헤란로하이닉스뒷점,서울시 강남구 테헤란로 70길 12 1층,02-538-9927,서울특별시 강남구 테헤란로 70길 12 1층,정,127.05315917786214,37.50474222926693
역삼포스틸타워뒷점,서울시 강남구 테헤란로 20길 10 쓰리엠타워1층,02-554-9962,서울특별시 강남구 테헤란로 20길 10 쓰리엠타워1층,정,127.03414135825331,37.49908664444383
삼성봉은사로점,서울시 강남구 봉은사로 628 엘슨빌딩1층,02-538-4523,서울특별시 강남구 봉은사로 628 엘슨빌딩1층,정,127.06416664521426,37.51467305921827
삼성생명강남사옥점,서울시 서초구 서초대로74길 4 삼성생명보험서초타워내지하1층,02-581-5562,서울특별시 서초구 서초대로74길 4 삼성생명보험서초타워내지하1층,정,127.02570336290644,37.49674468706047
남부터미널역점,서울시 서초구 서초중앙로 43 로얄타워1층,02-523-3671,서울특별시 서초구 서초중앙로 43 로얄타워1층,정,127.01557716809667,37.48553845589538
방이점,서울시 송파구 오금로 11길 7,02-415-5561,서울특별시 송파구 오금로 11길 7,정,127.1079677779601,37.51455615261928
도심공항타워점,서울시 강남구 테헤란로87길 36 공항타워 1층,02-2016-5330,서울특별시 강남구 테헤란로87길 36 공항타워 1층,정,127.05859721722906,37.51023392128358
매봉역점,서울시 강남구 논현로 38길 42 418호,02-529-9947,서울특별시 강남구 논현로 38길 42 418호,정,127.0450535020154,37.48557451547229
강남역랭기지타워점,서울시 강남구 테헤란로4길 28 826-28호 1층,02-563-3655,서울특별시 강남구 테헤란로4길 28 826-28호 1층,정,127.0300941589309,37.49652247257477
광화문점,서울 종로구 서린동 136 센트리얼빌딩 1층,02-3210-2326,서울특별시 종로구 서린동 136 센트리얼빌딩 1층,정,126.97886068673003,37.56978500519584
홍대역점,서울시 마포구 홍익로 6길 26,02-333-4278,서울특별시 마포구 홍익로 6길 26,정,126.92326431252171,37.555468976898865
경희궁의아침점,서울시 종로구 새문안로3길 23 경희궁아침상가4단지105외,02-730-8896,서울특별시 종로구 새문안로3길 23 경희궁아침상가4단지105외,정,126.97224392604993,37.57254785037314
청담카페점,"서울시 강남구 도산대로 67길 7,파크빌딩 1층",02-514-5622,"서울특별시 강남구 도산대로 67길 7,파크빌딩 1층",정,127.04438725128527,37.52448809940236
순화점,서울시 중구 순화202  1-94 프레이저플레이스레지던스1층,02-2220-8198,서울특별시 중구 순화202 1-94 프레이저플레이스레지던스1층,유,126.97219289679772,37.55950269594524
강변테크노마트점,서울시 광진구 광나루로56길 85 테크노마트9층35호,02-3424-5480,서울특별시 광진구 광나루로56길 85 테크노마트9층35호,정,127.09569153142348,37.53572460003108
종로관철동점,"서울시 종로구 청계천로 83 11-4호 지하1,지상1~3층",02-738-5333,"서울특별시 종로구 청계천로 83 11-4호 지하1,지상1~3층",정,126.98673253686685,37.568483566854326
소공동삼화빌딩점,서울 중구 남대문로7길 16 한컴빌딩 1층,02-753-8004,서울특별시 중구 남대문로7길 16 한컴빌딩 1층,정,126.98116291091794,37.56416520361909
세종문화회관옆점,서울 종로구 새문안로 9길 25 1층,02-720-5561,서울특별시 종로구 새문안로 9길 25 1층,정,126.97548145341456,37.571350870771155
외대앞점,서울시 동대문구 이문로 106 1~3층,02-959-7750,서울특별시 동대문구 이문로 106 1~3층,정,127.06021694329038,37.596066666543074
고대안암역점,서울시 성북구 개운사길8 101-3 1층,02-953-6652,서울특별시 성북구 개운사길8 101-3 1층,정,127.02957315758631,37.58698733497133
순화동라마다호텔점,서울시 중구 칠패로 27 151호,02-3789-3347,서울특별시 중구 칠패로 27 151호,정,126.9720357260746,37.56026697345149
건대스타시티점,서울시 광진구 자양동 227-342호 롯데백화점 옆 더클래식500건물 1층,02-444-9861,서울특별시 광진구 자양동 227-342호 롯데백화점 옆 더클래식500건물 1층,정,127.0711366475323,37.538788261751016
신촌점,서울시 서대문구 창천 18-26호 B1,02-363-5572,서울특별시 서대문구 창천 18-26호 B1,정,126.93738781920146,37.556319715783104
중계동은행사거리점,서울시 노원구 한글비석로 263 1층,02-931-3055,서울특별시 노원구 한글비석로 263 1층,정,127.0764707363585,37.65120978877508
목동점,서울시 양천구 목동동로 293 현대41타워1층,02-2654-5981,서울특별시 양천구 목동동로 293 현대41타워1층,정,126.87577203345768,37.52817803168188
서울스퀘어점,서울시 중구 한강대로 416 지하1층,02-6456-8907,서울특별시 중구 한강대로 416 지하1층,정,126.97375106569055,37.5555037970402
하나은행경복궁역점,"서울시 종로구 사직로 130,1 현대적선빌딩1층",02-733-5108,"서울특별시 종로구 사직로 130,1 현대적선빌딩1층",정,126.97306310956066,37.57586125024215
시흥홈플러스점,서울시 금천구 시흥대로 201 1층,02-803-9994,서울특별시 금천구 시흥대로 201 1층,정,126.90079477916682,37.45190426307769
여의도34번지점,서울 영등포구 국제금융로 52 심팩빌딩 1층,02-783-2043,서울특별시 영등포구 국제금융로 52 심팩빌딩 1층,정,126.92950594861873,37.522728952835315
여의도순복음교회옆점,서울시 영등포구 여의서로 43 한서리버파크2층,02-780-7758,서울특별시 영등포구 여의서로 43 한서리버파크2층,정,126.92484290095878,37.53072925927393
인천구월동점,"인천광역시 남동구 예술로 138 지상1,2층",032-421-3418,"인천광역시 남동구 예술로 138 지상1,2층",정,126.70100646407253,37.4462417887199
여의도교보증권점,서울시 영등포구 의사당대로 97 26-4 교보증권빌딩1층,02-783-6058,서울특별시 영등포구 의사당대로 97 26-4 교보증권빌딩1층,정,126.92458636761239,37.52251670422388
부산광복동점,부산광역시 중구 창선동 2가 8-2,051-243-9105,부산광역시 중구 창선동 2가 8-2,대,129.03070551298947,35.1061076674147
동탄라마다호텔점,경기도 화성시 노작로 199 동탄라마다호텔107호~111호,031-8003-8374,경기도 화성시 노작로 199 동탄라마다호텔107호~111호,정,127.07467930545455,37.20584132256386
분당플라자점,경기도 성남시 분당구 황새울로 326 서현빌딩상가내2층,031-705-3188,경기도 성남시 분당구 황새울로 326 서현빌딩상가내2층,정,127.12186588323942,37.38513059853061
대전탄방동점,대전시 서구 문정로76 1층,042-471-9805,대전광역시 서구 문정로76 1층,정,127.38769591316257,36.34641782172691
일산웨스턴돔1호점,경기도 고양시 일산동구 정발산로 24 I동103~203호,031-931-5573,경기도 고양시 일산동구 정발산로 24 I동103~203호,정,126.77265617799343,37.65482477870878
분당서현점,"경기도 성남시 분당구 분당로53번길 11 1층2,3호",031-705-8926,"경기도 성남시 분당구 분당로53번길 11 1층2,3호",정,127.12155267376802,37.3840677720367
무교CBTL점,서울 중구 세종대로 136 파이낸스빌딩 지하2층,070-4140-7003,서울특별시 중구 세종대로 136 파이낸스빌딩 지하2층,정,126.97825647100764,37.568423877606975
서울대입구역점,"서울시 관악구 관악로 161 층일부 2,3층",02-882-3101,"서울특별시 관악구 관악로 161 층일부 2,3층",정,126.95218462151288,37.47960820444831
대학로마로니에점,"서울시 종로구 대학로 12길 62 지하1층,지상1,2층",02-742-3318,"서울특별시 종로구 대학로 12길 62 지하1층,지상1,2층",정,127.00370465685444,37.58139942178902
분당차병원점,"경기도 성남시 분당구 야탑로65번길 16, 분당차병원 신관동 1층 101호(야탑동)",031-781-0471,"경기도 성남시 분당구 야탑로65번길 16, 분당차병원 신관동 1층 101호(야탑동)",정,127.12636088090024,37.41102162207955
분당수내점,경기도 성남시 분당구 황새울로 214번길8 MSPlaza내1층,031-713-9937,경기도 성남시 분당구 황새울로 214번길8 MSPlaza내1층,정,127.11231216990224,37.37813200222427
국기원사거리점,서울시 강남구 테헤란로 8길 42 1층,02-552-7106,서울특별시 강남구 테헤란로 8길 42 1층,정,127.03217528148318,37.496158470983154
남대문점,서울시 중구 후암로110 581호 서울시티타워1층,02-777-4217,서울특별시 중구 후암로110 581호 서울시티타워1층,정,126.97404820538075,37.554303623621244
무교점,"서울시 중구 태평로1 84호 SFC빌딩B1,1-4",02-753-2374,"서울특별시 중구 태평로1 84호 SFC빌딩B1,1-4",정,126.97773976639267,37.56842736432349
창원상남동점,경남 창원시 성산구 중앙대로 104 마이우스오피스텔 123호 207호,055-211-0737,경상남도 창원시 성산구 중앙대로 104 마이우스오피스텔 123호 207호,정,128.68081174416054,35.223491676471156
청주지웰시티점,"충북 청주시 흥덕구 대농로 17 지웰시티몰 1층 124-1,125,126호",043-238-3151,"충청북도 청주시 흥덕구 대농로 17 지웰시티몰 1층 124-1,125,126호",정,127.42420173010824,36.644500567890724
디큐브시티점,서울시 구로구 경인로 662 디큐브시티 4층,02-2210-9484,서울특별시 구로구 경인로 662 디큐브시티 4층,정,126.88821364888041,37.50812409475955
뉴교보타워옆점,"서울시 서초구 강남대로 449-3 알고코리아빌딩 1,2층",02-591-5177,"서울특별시 서초구 강남대로 449-3 알고코리아빌딩 1,2층",정,127.02488289340184,37.50236045984148
삼성로점,"서울시 강남구 삼성로 551 1층,2층",02-552-9311,"서울특별시 강남구 삼성로 551 1층,2층",정,127.05414987413042,37.510710260971
테헤란로비젼타워점,서울시 강남구 테헤란로 312 707-2번지1층,02-558-7101,서울특별시 강남구 테헤란로 312 707-2번지1층,정,127.04504322574776,37.502933770369914
인사점,서울시 종로구 낙원동 272 오라카이스위츠 1층,02-6262-8100,서울특별시 종로구 낙원동 272 오라카이스위츠 1층,정,126.98733396881126,37.573006224897476
선릉로93길점,서울시 강남구 선릉로93길 6(역삼동) 1층,02-552-3177,서울특별시 강남구 선릉로93길 6(역삼동) 1층,정,127.04789978001727,37.50568576935738
강남역먹자골목점,서울시 강남구 테헤란로1길 29 1층일부 및 2.3층,02-552-6311,서울특별시 강남구 테헤란로1길 29 1층일부 및 2.3층,정,127.027288147995,37.50010679835605
현대자동차여의도점,서울시 영등포구 국제금융로 20 1층,02-783-3391,서울특별시 영등포구 국제금융로 20 1층,정,126.92729671502062,37.5248869118282
코엑스인터점,서울시 강남구 봉은사로 524 코엑스 인터컨티넨탈아케이드,02-569-3103,서울특별시 강남구 봉은사로 524 코엑스 인터컨티넨탈아케이드,정,127.05711410749763,37.512944160965084
마리오아울렛점,서울시 금천구 디지털로9길 23 마리오-2관 패션타워3층,02-857-5501,서울특별시 금천구 디지털로9길 23 마리오-2관 패션타워3층,정,126.88647700952225,37.47872012551434
뉴압구정점,서울시 강남구 논현로 167길 9 낙산프라자 1층,02-545-3181,서울특별시 강남구 논현로 167길 9 낙산프라자 1층,정,127.02742675813728,37.52442055106038
남양연구소C1식당점,경기 화성시 장덕동 현대연구소로150 현대자동차남양연구소 C1구역식당1F,031-357-8172,경기도 화성시 장덕동 현대연구소로150 현대자동차남양연구소 C1구역식당1F,대,126.8098240262058,37.16074335152608
안국역점,"서울시 종로구 율곡로 47 1,2층",02-722-3356,"서울특별시 종로구 율곡로 47 1,2층",정,126.9845862543222,37.57633575706742
선릉로86길점,서울시 강남구 선릉로86길 11,02-2051-8875,서울특별시 강남구 선릉로86길 11,정,127.0505871248049,37.50340477025462
수원인계점,경기도 수원시 팔달구 권광로 195 학산빌딩1층,031-233-5631,경기도 수원시 팔달구 권광로 195 학산빌딩1층,정,127.03268512048452,37.26494738096654
서초뱅뱅사거리점,"서울시 서초구 강남대로 267 2,3층",02-523-8841,"서울특별시 서초구 강남대로 267 2,3층",정,127.03233721607072,37.487169847991694
현대자동차성내점,"서울시 강동구 천호대로 1096 1,2F",02-485-3361,"서울특별시 강동구 천호대로 1096 1,2F",정,127.13322900405707,37.53519727210305
현대자동차남양연구소점,경기도 화성시 장덕동 현대연구소로150 현대자동차남양연구소 설계1동1F,031-357-8103,경기도 화성시 장덕동 현대연구소로150 현대자동차남양연구소 설계1동1F,대,126.8098240262058,37.16074335152608
역삼역4번출구점,서울시 강남구 테헤란로143 고운빌딩1층,02-508-1137,서울특별시 강남구 테헤란로143 고운빌딩1층,정,127.0348988796034,37.50062103817486
차병원사거리점,서울시 강남구 봉은사로207 KJ타워1층,02-542-8813,서울특별시 강남구 봉은사로207 KJ타워1층,정,127.03466287215593,37.50784088972087
상암SBS미디어센터점,서울시 마포구 상암산로 82 SBS프리즘타워 1층,02-2039-9027,서울특별시 마포구 상암산로 82 SBS프리즘타워 1층,정,126.89277358401814,37.57971546093238
IFC MALL2호점,서울시 영등포구 국제금융로10 IFC Mall L2,02-6137-5054,서울특별시 영등포구 국제금융로10 IFC Mall L2,정,126.92487602368978,37.52517710110054
내방역7번출구유중아트점,서울시 서초구 방배로178 유중아트센터1층,02-592-8861,서울특별시 서초구 방배로178 유중아트센터1층,정,126.99284286897439,37.48954333664947
강남대로센터점,서울시 강남구 강남대로442 흥국화재빌딩 2층,02-565-3345,서울특별시 강남구 강남대로442 흥국화재빌딩 2층,정,127.02605618577263,37.50206502077411
일산원마운트점,경기도 고양시 일산서구 한류월드로 300 원마운트스포츠몰 1층,031-961-6520,경기도 고양시 일산서구 한류월드로 300 원마운트스포츠몰 1층,정,126.75452651780054,37.66455404085526
구로G-ValleyMall,서울시 구로구 디지털로300 지밸리비즈플라자 2층,02-6344-3966,서울특별시 구로구 디지털로300 지밸리비즈플라자 2층,정,126.8965383362684,37.484926403481474
판교아브뉴프랑점,경기도 성남시 분당구 동판교로177번길 25,031-8016-8131,경기도 성남시 분당구 동판교로177번길 25,정,127.11356210043837,37.39732103088378
부평문화의거리점,"인천광역시 부평구 시장로29 1,2층",032-507-9901,"인천광역시 부평구 시장로29 1,2층",정,126.7256151976691,37.49367327284156
신천역점,서울시 송파구 올림픽로100 효창타워1층,02-417-8851,서울특별시 송파구 올림픽로100 효창타워1층,정,127.08168827895024,37.511415808685456
남양연구소PT동점,경기도 화성시 장덕동 현대연구소로150 현대자동차남양연구소 PT동 1층,031-355-1346,경기도 화성시 장덕동 현대연구소로150 현대자동차남양연구소 PT동 1층,대,126.8098240262058,37.16074335152608
압구정현대아파트점,서울시 강남구 압구정로29길65 지하1층,02-518-3350,서울특별시 강남구 압구정로29길65 지하1층,정,127.02700323670018,37.531810862828436
강남역GT타워옆점,서울시 서초구 서초대로73길12 세계빌딩1층,02-592-0053,서울특별시 서초구 서초대로73길12 세계빌딩1층,정,127.0257322522954,37.49854481688068
이태원제일기획옆점,서울시 용산구 이태원로220(한남동) 1층,02-792-3560,서울특별시 용산구 이태원로220(한남동) 1층,정,126.99848391724751,37.534817281421134
여의도교보증권카페점,서울시 영등포구 의사당대로 97 교보증권빌딩 2층,02-785-8845,서울특별시 영등포구 의사당대로 97 교보증권빌딩 2층,정,126.92458636761239,37.52251670422388
도심공항점,서울시 강남구 테헤란로87길22 도심공항터미널 지하1층,02-551-6456,서울특별시 강남구 테헤란로87길22 도심공항터미널 지하1층,정,127.05944326417,37.50963226851808
여의도신영증권별관점,서울시 영등포구 국제금융로8길6 신영증권별관빌딩2층,02-782-1125,서울특별시 영등포구 국제금융로8길6 신영증권별관빌딩2층,정,126.92969786955156,37.521808698380575
타임스퀘어점,서울시 영등포구 영중로15 타임스퀘어 1층,02-2635-8830,서울특별시 영등포구 영중로15 타임스퀘어 1층,정,126.90437835969374,37.516872310468564
현대프리미엄아울렛김포점,경기 김포시 고촌읍 전호리 654번지 현대프리미엄아울렛김포3층 618호,031-8048-2618,경기도 김포시 고촌읍 전호리 654번지 현대프리미엄아울렛김포3층 618호,정,126.78562808255604,37.59940957015996
석촌호수점,서울시 송파구 석촌호수로 222 제이타워 1층,02-415-1235,서울특별시 송파구 석촌호수로 222 제이타워 1층,정,127.10155315512004,37.50706872852648
광화문역1번출구점,서울시 종로구 새문안로5가길 7 1층 일부,02-723-3360,서울특별시 종로구 새문안로5가길 7 1층 일부,정,126.97403839326529,37.5727712806857
범계역로데오점,경기도 안양시 동안구 평촌대로 223번길 41(호계동 1045-9) 2층,031-476-9082,경기도 안양시 동안구 평촌대로 223번길 41(호계동 1045-9) 2층,정,126.9535116027478,37.390489102686395
송도홈플러스점,인천광역시 연수구 송도국제대로 165(송도동) 홈플러스송도점1층,032-822-5905,인천광역시 연수구 송도국제대로 165(송도동) 홈플러스송도점1층,정,126.65637201734559,37.38022559225424
파르나스몰점,서울시 강남구 테헤란로521 파르나스몰 지하1층,02-538-2008,서울특별시 강남구 테헤란로521 파르나스몰 지하1층,정,127.06080747811988,37.50919117643693
이천하이닉스점,경기 이천시 부발읍 하이닉스반도체,031-8094-7013,경기도 이천시 부발읍 하이닉스반도체,대,127.49685224574073,37.27006648771278
광장동대한제지점,서울시 광진구 아차산로563(광장동) 대한제지빌딩 로비층,02-458-8166,서울특별시 광진구 아차산로563(광장동) 대한제지빌딩 로비층,정,127.1029301379954,37.54413446574032
을지로입구역점,"서울시 중구 남대문로10길 6 1,2층",02-752-3348,"서울특별시 중구 남대문로10길 6 1,2층",정,126.98325023389623,37.566882005129045
오목교역사거리점,"서울시 양천구 오목로 350 목동썬텍씨티빌딩 1층,2층",02-2653-8577,"서울특별시 양천구 오목로 350 목동썬텍씨티빌딩 1층,2층",정,126.8762662142002,37.52414800842375
광교아브뉴프랑점,"경기도 수원시 영통구 이의동 1332 광교아브뉴프랑 1층 A122,123호",031-216-9308,"경기도 수원시 영통구 이의동 1332 광교아브뉴프랑 1층 A122,123호",정,127.0505156937094,37.29067266729703
인천공항탑승동105gate앞점,인천광역시 중구 공항로272 인천국제공항탑승동3층 FB-C5-68,032-743-7223,인천광역시 중구 공항로272 인천국제공항탑승동3층 FB-C5-68,정,126.42442967176794,37.45052618490151
장안점,"서울시 동대문구 장안동 372-1, 1층 일부 및 2층 전체",02-2249-9826,"서울특별시 동대문구 장안동 372-1, 1층 일부 및 2층 전체",정,127.07050038185862,37.57094639161375
분당정자점,경기도 성남시 분당구 정자일로 227(정자동) 백궁지엔느주차전용빌딩 1층,031-786-1906,경기도 성남시 분당구 정자일로 227(정자동) 백궁지엔느주차전용빌딩 1층,정,127.10560380637496,37.37070858832268
인천공항탑승동130gate앞점,인천광역시 중구 공항로272 인천국제공항탑승동3층 FB-C5-57,032-743-7213,인천광역시 중구 공항로272 인천국제공항탑승동3층 FB-C5-57,정,126.42442967176794,37.45052618490151
연대동문회관점,"서울시 서대문구 대신동 50-5 1층,2층(B동)",02-362-8301,"서울특별시 서대문구 대신동 50-5 1층,2층(B동)",정,126.94324793674237,37.56309090632195
삼성역글라스타워뒷점,서울시 강남구 영동대로85길 9 (대치동) 서전빌딩1층,02-552-3363,서울특별시 강남구 영동대로85길 9 (대치동) 서전빌딩1층,정,127.06289712673247,37.50708974856598
강서그랜드아이파크점,서울시 강서구 화곡6동 1095번지 1층,02-2699-7462,서울특별시 강서구 화곡6동 1095번지 1층,정,126.85125046706636,37.55485442611993
신논현역점,서울특별시 강남구 봉은사로108 글라스톤빌딩1층,02-569-9061,서울특별시 강남구 봉은사로108 글라스톤빌딩1층,정,127.02559253677535,37.50453468353491
문래동점,서울시 영등포구 문래동6가 5번지 1층,02-2069-3157,서울특별시 영등포구 문래동6가 5번지 1층,정,126.889042689262,37.519646204268206
올림픽공원북2문앞점,서울시 강동구 강동대로193 1층,02-471-2372,서울특별시 강동구 강동대로193 1층,정,127.12801509150073,37.52456387779069
상암한국지역정보개발원점,서울시 마포구 성암로301 KLID한국지역정보개발원 1층,02-376-9162,서울특별시 마포구 성암로301 KLID한국지역정보개발원 1층,정,126.88793772784778,37.58246931962287
홍대역8번출구점,서울시 마포구 양화로18안길 7 2층,02-338-9463,서울특별시 마포구 양화로18안길 7 2층,정,126.92509246952929,37.55683441902955
천호역점,서울시 강동구 올림픽로 659 쌍용플래티넘리버 1층,02-488-5912,서울특별시 강동구 올림픽로 659 쌍용플래티넘리버 1층,정,127.12356485682513,37.54030459017425
포스코옆삼성로86길점,서울특별시 강남구 삼성로86길 11 거봉빌딩 1층,02-569-7501,서울특별시 강남구 삼성로86길 11 거봉빌딩 1층,정,127.05829351691047,37.50589544916253
수지동천점,경기 용인시 수지구 손곡로 95 송란빌딩 1층,031-896-9044,경기도 용인시 수지구 손곡로 95 송란빌딩 1층,정,127.09180846878496,37.33596394441495
매헌역점,서울시 서초구 동산로 1  1층,02-2058-0921,서울특별시 서초구 동산로 1 1층,정,127.04013627842481,37.469001955389686
잠원논현역점,서울시 서초구 신반포로47길 5 건물전체 1~3층,02-541-7404,서울특별시 서초구 신반포로47길 5 건물전체 1~3층,정,127.01944465540635,37.51094822731511
파주운정홈플러스점,경기도 파주시 청암로 17번길 17 1층,031-949-1408,경기도 파주시 청암로 17번길 17 1층,정,126.73676017621212,37.72956861632393
노원역점,"서울시 노원구 노해로 490, 길빌딩 2층",02-952-9577,"서울특별시 노원구 노해로 490, 길빌딩 2층",정,127.06241362561329,37.65441320936268
역삼동태광타워점,서울시 강남구 역삼동 718-20  태광타워 1층,02-569-9867,서울특별시 강남구 역삼동 718-20 태광타워 1층,정,127.03988513830124,37.501021408367016
강동경희대병원앞점,서울특별시 강동구 동남로 885 양지빌딩 1층,02-481-9938,서울특별시 강동구 동남로 885 양지빌딩 1층,정,127.15597655712425,37.552653783443624
수원망포역점,경기도 수원시 영통구 영통로 214번길 8 1층,031-273-8751,경기도 수원시 영통구 영통로 214번길 8 1층,정,127.05757614155075,37.246231765314754
화정중앙공원점,경기도 고양시 덕양구 화신로260번길 26 동민프라자 1층 103~107호,031-979-9402,경기도 고양시 덕양구 화신로260번길 26 동민프라자 1층 103~107호,정,126.83299303159062,37.631742324981516
원주AK플라자점,강원도 원주시 봉화로1 AK플라자원주점 1층,033-748-0631,강원도 원주시 봉화로1 AK플라자원주점 1층,정,127.92764420597418,37.34567975767917
상봉역점,서울특별시 중랑구 망우로 291 1층,02-493-8902,서울특별시 중랑구 망우로 291 1층,정,127.08479023393988,37.59644410263097
송파파크하비오점,서울특별시 송파구 송파대로 111 송파파크하비오 205동 1층 110-113,02-449-6881,서울특별시 송파구 송파대로 111 송파파크하비오 205동 1층 110-113,정,127.12400488905298,37.48149045344143
해운대점,부산시 해운대구 해운대 해변로277 다옴빌딩1층,051-746-8214,부산광역시 해운대구 해운대 해변로277 다옴빌딩1층,정,129.16155569929532,35.1598838972367
문정역엠스테이트점,"서울특별시 송파구 법원로 114, 엠스테이트 B동 지하 1층, B145-147",02-6177-9080,"서울특별시 송파구 법원로 114, 엠스테이트 B동 지하 1층, B145-147",정,127.1205253012085,37.48528939481753
서초부띠크모나코점,서울특별시 서초구 서초대로 397 부띠크모나코 1층,02-537-4662,서울특별시 서초구 서초대로 397 부띠크모나코 1층,정,127.02451634260198,37.49743396173928
산본역점,경기도 군포시 광정로58 1층 104호 및 2층,031-399-8812,경기도 군포시 광정로58 1층 104호 및 2층,정,126.93098147186896,37.358507543046144
위례2차아이파크점,서울시 송파구 위례광장로 230 위례2차 아이파크 B동 1층,02-449-9703,서울특별시 송파구 위례광장로 230 위례2차 아이파크 B동 1층,정,127.14340179050656,37.47942967629774
현대시티몰가든파이브점,서울특별시 송파구 충민로 66 가든파이브 라이프동 테크노관 1층,02-2673-2110,서울특별시 송파구 충민로 66 가든파이브 라이프동 테크노관 1층,정,127.12496191013095,37.47761492264638
몽촌토성역점,"서울시 송파구 방이동 44-2, 장은빌딩 1층",02-2141-0407,"서울특별시 송파구 방이동 44-2, 장은빌딩 1층",정,127.11278145828935,37.51693044784261
평택소사점,"경기도 평택시 평남로 862, 로이드빌딩 1층",031-692-2405,"경기도 평택시 평남로 862, 로이드빌딩 1층",정,127.11150183762568,37.00046893415584
강남역12번출구점,서울특별시 강남구 테헤란로 111 2층,02-569-5838,서울특별시 강남구 테헤란로 111 2층,정,127.02928179902194,37.498880799185024
구의삼성쉐르빌점,서울특별시 광진구 구의강변로 106 삼성쉐르빌 1층,02-2201-8953,서울특별시 광진구 구의강변로 106 삼성쉐르빌 1층,정,127.09489767983189,37.53985819769904
강북구청앞점,"서울특별시 강북구 한천로 139길 25, 1층- 2층",02-994-8878,"서울특별시 강북구 한천로 139길 25, 1층- 2층",정,127.02572499217604,37.63909560831502
종각역점,서울시 종로구 종로 70 2층,02-739-6268,서울특별시 종로구 종로 70 2층,정,126.98517178547897,37.56991532013818
송도트리플스트리트점,"인천 연수구 송도과학로 16번길 33-4 D동 119호,207호",032-310-9644,"인천광역시 연수구 송도과학로 16번길 33-4 D동 119호,207호",정,126.6628417647857,37.37866084031053
여의도SK증권빌딩점,서울특별시 영등포구 국제금융로8길31 여의도SK증권빌딩점 1층,02-6484-5150,서울특별시 영등포구 국제금융로8길31 여의도SK증권빌딩점 1층,정,126.92806703292676,37.519747532824624
한티역디마크빌딩점,서울특별시 강남구 도곡로 408 디마크빌딩 1층,02-2052-6590,서울특별시 강남구 도곡로 408 디마크빌딩 1층,정,127.05523257517717,37.49662159458535
도곡동지오빌딩점,"서울특별시 강남구 도곡동 543-1, 지오빌딩 B1층",02-2058-3027,"서울특별시 강남구 도곡동 543-1, 지오빌딩 B1층",정,127.04167546343548,37.49223925805408
한성대입구역점,서울특별시 성북구 삼선교로 12 1층,02-766-7951,서울특별시 성북구 삼선교로 12 1층,정,127.00714083618809,37.58758893429098